Joint,Risk Score
Ankle,6.736962453651181
Knee,0.2883946190752018
Hip,9.888153360916935
Shoulder,2.37080547401721
